,Lat,Lng,Income
1,30.6010744,-87.77633329999999,56439.0
2,33.7701576,-85.80766,48156.0
3,34.2011537,-86.8220341,50906.0
4,34.5211397,-85.684578,44208.0
5,32.5647083,-86.0121573,61854.0
6,34.0455341,-86.05296039999999,41447.0
7,31.1318686,-85.31362179999999,50103.0
8,33.4914122,-86.9824288,53944.0
9,34.8840876,-87.658113,46632.0
10,32.5888702,-85.39627689999999,53712.0
11,34.78000720000001,-86.9423801,63695.0
12,34.72397309999999,-86.49965460000001,67930.0
13,34.3652297,-86.3376761,49467.0
14,30.6082227,-88.24611829999999,49639.0
15,32.2077447,-86.17517590000001,53117.0
16,34.4240875,-86.86218269999999,54338.0
17,33.6530112,-86.3376761,67487.0
18,33.3039292,-86.6611083,75614.0
19,33.4231716,-86.1344697,50147.0
20,33.3227653,-87.460397,52243.0
21,33.8563605,-87.30161319999999,46283.0
22,61.19489300000001,-149.877296,82716.0
23,64.9526102,-146.4744154,72065.0
24,62.2599347,-150.1729153,74709.0
25,35.5313224,-109.3783206,30480.0
26,31.82845799999999,-109.949686,48484.0
27,35.6647545,-111.4752851,58085.0
28,33.2917968,-112.4291464,68649.0
29,35.2143346,-113.7632828,50179.0
30,35.4019765,-110.1402594,38897.0
31,32.057499,-111.6660725,56169.0
32,32.8162061,-111.2845025,62057.0
33,34.6463981,-112.4291464,53816.0
34,32.6527533,-113.9536466,46419.0
35,36.2661518,-94.479976,69130.0
36,35.8260959,-90.6773046,45610.0
37,35.1035858,-92.38136209999999,57642.0
38,34.5559285,-93.17796589999999,45265.0
39,34.227351,-91.9099238,39326.0
40,34.7591647,-91.9099238,62532.0
41,34.75386150000001,-92.2236667,52043.0
42,34.5708215,-92.539603,66327.0
43,35.2260397,-94.315422,48839.0
44,35.9307703,-94.15137639999999,50798.0
45,35.2900612,-91.7538817,43399.0
46,37.6016892,-121.7195459,108322.0
47,39.6253952,-121.5370003,62563.0
48,37.8534093,-121.9017954,107135.0
49,38.74263759999999,-120.4357631,87059.0
50,36.9858984,-119.2320784,57518.0
51,40.7450055,-123.8695086,51662.0
52,33.0113694,-115.4733554,48472.0
53,35.4937274,-118.8596804,53067.0
54,36.0988489,-119.8815203,58453.0
55,39.08396440000001,-122.8084496,47138.0
56,34.0522265,-118.2436596,72797.0
57,37.251926,-119.6962677,64827.0
58,38.083403,-122.7633036,110843.0
59,39.5500194,-123.438353,51744.0
60,37.2009788,-120.7120023,61167.0
61,36.3136201,-121.3541631,77514.0
62,38.5024689,-122.2653887,92769.0
63,39.1346666,-121.1710389,68818.0
64,33.7174708,-117.8311428,95934.0
65,39.0915751,-120.8039474,97723.0
66,33.9532966,-117.3961192,73260.0
67,38.47467,-121.3541631,72017.0
68,34.9592083,-116.419389,67903.0
69,32.7157305,-117.1610966,83985.0
70,37.7749295,-122.4194155,123859.0
71,37.9175935,-121.1710389,68997.0
72,35.3102296,-120.4357631,77265.0
73,37.4337342,-122.4014193,138500.0
74,34.4208321,-119.6982057,75653.0
75,37.3336581,-121.8907041,133076.0
76,37.0453988,-121.9579578,89269.0
77,40.7908864,-121.8474493,63091.0
78,38.3104969,-121.9017954,86652.0
79,38.5779555,-122.9888319,87828.0
80,37.5090711,-120.9876321,63037.0
81,39.0219764,-121.6739371,62777.0
82,40.0982197,-122.174605,53475.0
83,36.1341739,-118.8596804,57692.0
84,34.3704884,-119.1390642,92236.0
85,38.7646021,-121.9017954,71417.0
86,39.2547027,-121.3998995,58765.0
87,39.8398269,-104.1930918,75804.0
88,39.62031,-104.332644,82710.0
89,40.1512114,-105.5005483,88535.0
90,39.9205411,-105.0866504,111400.0
91,39.7392358,-104.990251,75646.0
92,39.2587106,-104.9388853,122867.0
93,38.9108325,-104.4723301,72830.0
94,39.5800298,-105.2662931,90040.0
95,40.6955572,-105.5943388,75186.0
96,38.9585381,-108.6175626,60500.0
97,38.2528534,-104.4723301,51276.0
98,40.3920718,-104.7158226,78615.0
99,41.2559654,-73.37086959999999,97053.0
100,41.7924343,-72.8042797,75381.0
101,41.7866294,-73.2765361,81195.0
102,41.46985050000001,-72.4731529,76518.0
103,41.3266911,-72.8042797,69751.0
104,41.5185189,-72.0468164,75633.0
105,41.8418987,-72.37846789999999,91028.0
106,41.8275622,-72.0468164,62106.0
107,39.1440612,-75.4344727,58001.0
108,39.5392979,-75.667356,76328.0
109,38.65308410000001,-75.4344727,65155.0
110,38.9071923,-77.0368707,92266.0
111,29.6579549,-82.3017728,49534.0
112,30.1805306,-85.684578,59450.0
113,28.263933,-80.7214417,57305.0
114,26.190096,-80.365865,61502.0
115,26.8946009,-81.909826,54652.0
116,28.8848842,-82.5185837,50751.0
117,29.9943564,-81.77870209999999,76687.0
118,26.069985,-81.42789839999999,76025.0
119,30.1812696,-82.605118,47094.0
120,30.3500511,-81.6035062,58415.0
121,30.6389408,-87.3413599,53136.0
122,29.4086072,-81.2518833,60204.0
123,28.5578826,-82.4752757,51031.0
124,27.3400286,-81.34002679999999,48698.0
125,27.9903597,-82.3017728,61154.0
126,27.6947732,-80.54384499999999,59782.0
127,28.702847,-81.77870209999999,57588.0
128,26.6630286,-81.9534815,62240.0
129,30.4906177,-84.1857115,54929.0
130,27.4799195,-82.34518899999999,64499.0
131,29.2787765,-82.12783999999999,49576.0
132,27.0804935,-80.4103957,70842.0
133,25.5516034,-80.6326916,55171.0
134,24.5557001,-81.78259849999999,68589.0
135,30.5927334,-81.8224362,70939.0
136,30.57734009999999,-86.6611083,64222.0
137,28.4844995,-81.2518833,63461.0
138,28.1019838,-81.0754657,51760.0
139,26.6514503,-80.2767327,66623.0
140,28.3232418,-82.4319405,55828.0
141,27.876394,-82.7778579,56737.0
142,27.8617347,-81.6911559,51833.0
143,29.6265157,-81.77870209999999,42899.0
144,29.9719419,-81.42789839999999,90356.0
145,27.3225563,-80.54384499999999,58039.0
146,30.7689907,-86.9824288,64930.0
147,27.1995986,-82.34518899999999,66342.0
148,28.7131688,-81.20781640000001,70190.0
149,28.6747526,-82.08429009999999,60287.0
150,29.0279842,-81.0754657,53766.0
151,30.56401989999999,-86.17517590000001,60457.0
152,34.0142667,-83.6986568,69890.0
153,34.2660473,-84.8150781,59911.0
154,32.7865735,-83.7199136,42140.0
155,32.3595678,-81.77870209999999,50436.0
156,33.5642239,-85.0649071,61133.0
157,34.8981727,-85.14793639999999,61487.0
158,31.9994194,-81.1196075,57611.0
159,34.2514526,-84.4802606,86404.0
160,33.9519347,-83.357567,39799.0
161,33.5571944,-84.375233,51093.0
162,33.8999297,-84.56414699999999,79601.0
163,33.5098514,-82.25832969999999,88761.0
164,33.3716708,-84.7315563,78423.0
165,33.7956441,-84.2278796,63652.0
166,31.5439375,-84.2278796,35062.0
167,33.7290225,-84.7315563,62669.0
168,33.4502206,-84.4802606,92172.0
169,34.2828967,-85.2308414,50880.0
170,34.2358502,-84.14351359999999,112108.0
171,33.8033965,-84.3962535,80013.0
172,31.2624169,-81.6035062,59004.0
173,33.9190653,-84.01674229999999,72109.0
174,34.30778,-83.804868,67467.0
175,33.4347963,-84.14351359999999,71939.0
176,32.4219655,-83.63484299999999,66740.0
177,34.1174511,-83.54965659999999,65063.0
178,30.8600022,-83.2934086,45683.0
179,32.4794133,-84.8984775,46934.0
180,33.5544296,-83.8473015,57254.0
181,33.9142037,-84.8984775,75800.0
182,33.3205339,-82.08429009999999,44973.0
183,33.6752492,-84.0378894,60560.0
184,33.2636732,-84.3121264,51677.0
185,33.0698575,-85.02334599999999,46198.0
186,34.6858231,-85.35496499999999,47856.0
187,33.7708613,-83.7199136,66176.0
188,34.8033566,-84.981754,52198.0
189,19.5429151,-155.6658568,67075.0
190,21.3069857,-157.8584319,87470.0
191,21.9661076,-159.5737912,81971.0
192,20.7983626,-156.3319253,80754.0
193,43.478767,-116.2420304,72021.0
194,42.5836362,-112.1430215,51989.0
195,43.4508683,-111.5455289,64618.0
196,43.67795810000001,-116.6865435,58945.0
197,47.7568407,-116.6222056,62579.0
198,42.335252,-114.6758916,56276.0
199,40.0577692,-91.13530200000001,55727.0
200,40.2138865,-88.24611829999999,52405.0
201,41.7376587,-87.697554,69429.0
202,41.8329981,-88.7108964,64131.0
203,41.8243831,-88.0900762,96403.0
204,41.987884,-88.4016041,84368.0
205,41.1790977,-87.77633329999999,60923.0
206,41.5507043,-88.4403883,104858.0
207,42.3689363,-87.8271534,92511.0
208,41.4363987,-88.94138650000001,59130.0
209,42.3039993,-88.4016041,88879.0
210,40.5478429,-88.86469799999999,68784.0
211,39.8949055,-89.0179332,50839.0
212,38.9041402,-89.9253233,67440.0
213,40.7156396,-89.77553379999999,57247.0
214,41.39982089999999,-90.563609,58313.0
215,38.40081199999999,-89.9253233,57169.0
216,39.7337353,-89.62516459999999,61280.0
217,40.5522078,-89.4742177,65848.0
218,40.122469,-87.697554,43111.0
219,41.5054724,-88.0900762,90134.0
220,37.7183241,-88.86469799999999,58097.0
221,42.3121109,-89.1705998,59455.0
222,41.0932622,-85.02334599999999,56519.0
223,39.206801,-85.8895551,72555.0
224,40.0106163,-86.49965460000001,70813.0
225,38.4492903,-85.7256372,59064.0
226,40.2583533,-85.39627689999999,45065.0
227,41.6062253,-85.84862360000001,54531.0
228,38.2869276,-85.8895551,63219.0
229,40.4730605,-85.684578,47206.0
230,40.0372797,-86.05296039999999,105062.0
231,39.8249915,-85.84862360000001,69392.0
232,39.8064942,-86.5400674,85381.0
233,40.4482767,-86.1344697,53440.0
234,39.4637793,-86.1344697,73651.0
235,41.2864679,-85.84862360000001,64099.0
236,41.4897279,-87.30161319999999,57081.0
237,41.4775131,-86.8220341,56019.0
238,40.1469349,-85.684578,55142.0
239,39.83618999999999,-86.17517590000001,50458.0
240,39.1851445,-86.49965460000001,52453.0
241,39.51168089999999,-86.3376761,62862.0
242,41.5248577,-87.10237459999999,72483.0
243,41.6228085,-86.3376761,53456.0
244,40.34697310000001,-86.8220341,49352.0
245,38.0806099,-87.5791287,51350.0
246,39.4165382,-87.42075179999999,48013.0
247,39.831882,-84.981754,47944.0
248,42.447804,-92.38136209999999,60506.0
249,41.6120022,-93.9878427,94885.0
250,42.4694679,-90.8294002,62178.0
251,41.6698982,-91.5983959,66011.0
252,42.0659844,-91.67606909999999,63559.0
253,41.6278423,-93.5003454,66918.0
254,41.3911501,-95.4777811,60056.0
255,41.6393199,-90.6393702,65122.0
256,42.1040438,-93.5003454,63107.0
257,42.3166158,-95.9832577,58945.0
258,37.8649441,-96.83509989999999,61951.0
259,38.9107835,-95.26844369999999,64233.0
260,38.845412,-94.8520636,91771.0
261,39.1713075,-95.01824599999999,77070.0
262,39.3686475,-96.83509989999999,50920.0
263,37.6537367,-97.5247243,59716.0
264,39.0928449,-95.81428849999999,59441.0
265,39.0986811,-94.7691586,46964.0
266,38.9940572,-84.7315563,76443.0
267,37.9842107,-85.684578,65560.0
268,38.8951891,-84.3962535,66439.0
269,36.8410586,-87.460397,47445.0
270,37.7307984,-87.10237459999999,50964.0
271,38.06064780000001,-84.4802606,58356.0
272,37.6565708,-86.0121573,57463.0
273,38.1938097,-85.64348700000001,59049.0
274,38.9863872,-84.56414699999999,68849.0
275,37.03306070000001,-88.7108964,45084.0
276,37.7143001,-84.3121264,49421.0
277,38.3560025,-85.47880649999999,97968.0
278,36.9886043,-86.49965460000001,52645.0
279,30.2017295,-90.9438468,85425.0
280,32.7551322,-93.66232389999999,49962.0
281,32.6136798,-93.86553029999999,45537.0
282,30.2089286,-93.33889169999999,51246.0
283,30.5693593,-91.09693999999999,56451.0
284,29.4992629,-91.7538817,50991.0
285,29.6498691,-90.11206960000001,56069.0
286,30.1895142,-92.02731899999999,60567.0
287,29.6952295,-90.52578229999999,51339.0
288,30.4340146,-90.6773046,62187.0
289,29.95106579999999,-90.0715323,45615.0
290,32.4271852,-92.2236667,41137.0
291,31.1461104,-92.539603,50490.0
292,30.6036535,-92.0665197,38681.0
293,30.4357418,-89.9253233,69076.0
294,30.6194521,-90.37483540000001,47825.0
295,29.2299682,-90.7532809,48446.0
296,44.19124160000001,-70.17070369999999,63813.0
297,46.819941,-68.4766064,38768.0
298,43.81329789999999,-70.3870587,76059.0
299,44.4499153,-69.7038278,55389.0
300,45.3230777,-68.5806727,50449.0
301,43.4132697,-70.6702521,66648.0
302,39.6255251,-78.6114999,48867.0
303,38.9530109,-76.5488232,101147.0
304,39.4647665,-76.7336521,77358.0
305,38.49495030000001,-76.5025742,112380.0
306,39.5423418,-77.0564464,103014.0
307,39.5739403,-75.94632399999999,76441.0
308,38.5221781,-77.10249019999999,103932.0
309,39.3844507,-77.4701972,103516.0
310,39.5838964,-76.3637285,92331.0
311,39.2873463,-76.964306,121618.0
312,39.1547426,-77.2405153,110389.0
313,38.78492110000001,-76.8720961,86290.0
314,38.1060259,-76.3637285,87947.0
315,39.641762,-77.719993,59140.0
316,38.3941813,-75.667356,54402.0
317,39.2903848,-76.6121893,50177.0
318,41.69909579999999,-70.32091129999999,85042.0
319,42.311782,-73.1821623,58895.0
320,41.7938406,-71.1448516,70402.0
321,42.7051144,-70.90712359999999,83810.0
322,42.530599,-72.61511689999999,60018.0
323,42.1172314,-72.6624209,60161.0
324,42.3471357,-72.6624209,74778.0
325,42.467206,-71.2874209,107056.0
326,42.17668,-71.1448516,107361.0
327,41.9120406,-70.7168469,90880.0
328,42.3522866,-71.0504229,77558.0
329,42.4096528,-71.8571331,78345.0
330,42.5709865,-86.3376761,66278.0
331,43.7109732,-84.01674229999999,49610.0
332,42.0320742,-86.7416374,50153.0
333,42.2073905,-85.02334599999999,49055.0
334,42.9663458,-84.5222189,69651.0
335,42.5886496,-84.7733325,65409.0
336,43.0777289,-83.67739279999999,50389.0
337,44.687984,-85.52002399999999,65266.0
338,42.6468943,-84.3542049,54395.0
339,43.598799,-84.8567932,45201.0
340,42.1764362,-84.3542049,55124.0
341,42.2278346,-85.52002399999999,56441.0
342,43.0097027,-85.52002399999999,66532.0
343,43.0482433,-83.1649001,66263.0
344,41.8433859,-84.01674229999999,53865.0
345,42.6207951,-83.8473015,86512.0
346,42.7168759,-82.82097399999999,64947.0
347,46.644579,-87.5593823,55148.0
348,43.57509779999999,-84.3542049,69872.0
349,41.9738893,-83.5070203,62839.0
350,43.2831969,-86.7416374,50366.0
351,42.59219239999999,-83.33618799999999,81190.0
352,42.95302299999999,-86.0937312,68817.0
353,43.4044253,-84.01674229999999,48303.0
354,43.016179,-82.6483442,59837.0
355,42.949754,-84.1857115,55249.0
356,42.2459665,-86.0121573,60549.0
357,42.3076493,-83.8473015,76576.0
358,42.2790746,-83.33618799999999,50753.0
359,45.3292832,-93.2197005,83353.0
360,43.9505132,-93.9878427,61133.0
361,44.82543099999999,-93.7841503,101434.0
362,46.5957987,-94.1401699,60534.0
363,44.731554,-93.17796589999999,88864.0
364,45.0208911,-93.5094574,82369.0
365,43.995179,-92.38136209999999,80096.0
366,44.9963986,-93.0615978,68871.0
367,44.2749995,-93.33889169999999,72469.0
368,47.7395106,-92.3623921,60434.0
369,44.6834072,-93.54079089999999,108761.0
370,45.4644612,-93.7298983,96210.0
371,45.5844792,-94.5865603,66558.0
372,44.8896877,-92.8577105,100596.0
373,45.1538202,-94.01909429999999,91707.0
374,34.9065453,-89.9626799,66078.0
375,31.2148677,-89.28472510000002,39063.0
376,30.432087,-89.0179332,50119.0
377,32.2648353,-90.37483540000001,44964.0
378,30.4278212,-88.55653099999999,52476.0
379,31.5343241,-89.1705998,37594.0
380,32.4401578,-88.7108964,37497.0
381,34.2354138,-88.7108964,49715.0
382,32.6729459,-90.0373201,68171.0
383,32.2653668,-89.9253233,67012.0
384,39.0468547,-92.38136209999999,57013.0
385,39.6349791,-94.81059549999999,46922.0
386,37.3821319,-89.62516459999999,57908.0
387,38.6574448,-94.315422,72819.0
388,36.99764400000001,-93.17796589999999,62765.0
389,39.3176186,-94.479976,70253.0
390,38.5052486,-92.2630393,61371.0
391,38.3953601,-91.13530200000001,60953.0
392,37.3311215,-93.5003454,43752.0
393,38.9914998,-94.315422,57936.0
394,37.17455650000001,-94.35651299999999,45010.0
395,38.2310301,-90.52578229999999,69009.0
396,39.34756489999999,-94.7691586,81712.0
397,38.7338885,-90.8294002,89146.0
398,37.7652755,-90.4879916,42390.0
399,38.6103023,-90.4125181,70022.0
400,38.6270025,-90.19940419999999,47176.0
401,47.4688355,-111.5453227,51227.0
402,48.424152,-114.15315,62588.0
403,45.5388865,-111.1194231,75418.0
404,47.2963974,-112.4029787,67616.0
405,47.0240503,-113.6869923,57347.0
406,45.78565769999999,-108.4343805,61186.0
407,41.3148116,-96.19513200000002,67133.0
408,40.8471492,-96.663812,61175.0
409,41.0744042,-96.19513200000002,83720.0
410,36.0795613,-115.094045,62107.0
411,40.5608387,-119.6035495,71881.0
412,42.9259375,-72.236379,66088.0
413,43.9087929,-71.825994,60588.0
414,42.83347939999999,-71.6673352,83626.0
415,43.2844846,-71.6673352,76218.0
416,42.9931261,-71.0497768,91249.0
417,43.238329,-71.0236044,71765.0
418,39.5333379,-74.6868815,63389.0
419,40.9262762,-74.07701,108827.0
420,39.8558488,-74.6868815,88797.0
421,39.8592439,-75.0143824,73672.0
422,39.105884,-74.8273184,69980.0
423,39.2587106,-75.06111469999999,54587.0
424,40.7947466,-74.2648829,64626.0
425,39.7103023,-75.1078332,89447.0
426,40.7453199,-74.05351259999999,78808.0
427,40.56695149999999,-74.92087719999999,116155.0
428,40.3028533,-74.7337069,79492.0
429,40.4111363,-74.35874729999999,93418.0
430,40.2589455,-74.12399599999999,102870.0
431,40.8336038,-74.54632819999999,116283.0
432,39.9652553,-74.3118212,76093.0
433,41.1231647,-74.35874729999999,77040.0
434,39.5848777,-75.3878525,68531.0
435,40.5292099,-74.64004320000001,111587.0
436,41.1288481,-74.6868815,101130.0
437,40.6595001,-74.2883536,80339.0
438,40.8841854,-74.92087719999999,84479.0
439,35.0177854,-106.6291304,56115.0
440,33.4757392,-104.4723301,42003.0
441,32.485767,-106.7234639,43038.0
442,32.8968816,-103.3587288,68457.0
443,35.71524720000001,-108.2377519,37153.0
444,32.6341716,-105.5943388,39371.0
445,35.6020667,-106.7234639,71997.0
446,36.3882439,-108.2377519,44321.0
447,35.3653705,-105.9699878,61298.0
448,34.6743674,-106.6291304,60601.0
449,42.57567969999999,-73.93598209999999,69953.0
450,40.8447819,-73.8648268,41432.0
451,42.1791865,-75.8533954,52010.0
452,42.2318132,-78.74762079999999,50912.0
453,42.7655231,-76.5488232,58665.0
454,42.2312829,-79.560344,50272.0
455,42.1362071,-76.7798172,60782.0
456,44.7904203,-73.6005824,60198.0
457,41.7784372,-73.7477857,85901.0
458,42.9023958,-78.8661589,60652.0
459,44.0607421,-75.9927652,53917.0
460,40.6528762,-73.95949399999999,66937.0
461,42.7576923,-77.8367282,59173.0
462,42.98059749999999,-75.8069082,62918.0
463,43.2841246,-77.7452081,62103.0
464,40.6546145,-73.55941279999999,118453.0
465,40.7830603,-73.9712488,93651.0
466,43.3119496,-78.74762079999999,56304.0
467,43.2371798,-75.4344727,57391.0
468,43.026819,-76.17837390000001,61577.0
469,42.85098379999999,-77.2864879,66568.0
470,41.3911653,-74.3118212,84458.0
471,43.482533,-76.17837390000001,58459.0
472,41.4351069,-73.7948516,106204.0
473,40.7282239,-73.7948516,73696.0
474,42.673664,-73.55941279999999,71574.0
475,40.5795317,-74.1502007,89821.0
476,41.1489458,-73.98300290000002,100916.0
477,44.4473142,-74.930206,52108.0
478,43.0324245,-73.93598209999999,89932.0
479,42.8493445,-73.98300290000002,65773.0
480,42.321027,-77.3783789,52951.0
481,40.9848784,-72.61511689999999,106228.0
482,41.6897493,-74.7805192,60137.0
483,42.4575747,-76.5488232,58626.0
484,41.8586493,-74.3118212,64087.0
485,43.6078891,-73.7477857,64985.0
486,43.2020024,-77.010385,61730.0
487,41.1220194,-73.7948516,101908.0
488,36.0117388,-79.4253776,58490.0
489,34.0275398,-78.2020387,63668.0
490,35.59313770000001,-82.4752757,54970.0
491,35.7616931,-81.73494199999999,47361.0
492,35.4168123,-80.5882803,72333.0
493,35.9227448,-81.5596427,48737.0
494,34.9019263,-76.5488232,60186.0
495,35.6840748,-81.2518833,52436.0
496,35.7211289,-79.17806999999999,66857.0
497,35.361354,-81.6035062,44987.0
498,35.0877672,-77.0564464,52832.0
499,34.9542604,-78.74762079999999,46292.0
500,35.7748479,-80.1875065,53473.0
501,36.0221805,-78.9031279,65317.0
502,36.1200003,-80.1875065,52017.0
503,36.0741417,-78.2426748,57099.0
504,35.2895651,-81.20781640000001,56595.0
505,36.0899873,-79.8296743,55328.0
506,35.35786480000001,-78.8835548,55753.0
507,35.3725873,-82.4319405,62131.0
508,35.8310501,-80.89865019999999,68660.0
509,35.4403514,-78.3842227,60951.0
510,35.4637028,-81.20781640000001,71514.0
511,35.2632655,-80.8543847,69072.0
512,35.3674493,-79.4703885,62469.0
513,35.9597948,-77.973865,50656.0
514,34.2154913,-77.88245959999999,56382.0
515,34.6540094,-77.4701972,49544.0
516,36.0263022,-79.1096901,74299.0
517,35.5589221,-77.4242972,53401.0
518,35.7449531,-79.8296743,49742.0
519,34.6383858,-79.1096901,35035.0
520,36.4335041,-79.8296743,43230.0
521,35.6303455,-80.54384499999999,51927.0
522,35.4258737,-81.909826,44361.0
523,36.3743453,-80.6770787,49250.0
524,34.9338651,-80.54384499999999,85985.0
525,35.8031909,-78.5660852,84215.0
526,35.3565499,-77.973865,44596.0
527,36.202858,-81.2518833,43290.0
528,35.6925497,-77.88245959999999,38830.0
529,47.0448552,-100.5049676,72494.0
530,47.071168,-97.12155790000001,62218.0
531,48.0037819,-97.35945249999999,56622.0
532,48.21474509999999,-101.5805256,71415.0
533,40.769946,-84.14351359999999,60429.0
534,41.9396982,-80.7214417,44580.0
535,39.30303079999999,-82.12783999999999,41851.0
536,40.0325848,-80.89865019999999,49780.0
537,39.440463,-84.5222189,68584.0
538,39.8912092,-83.67739279999999,50128.0
539,39.0928449,-84.1857115,67744.0
540,40.7902581,-80.7657804,53542.0
541,41.433923,-81.67582,52423.0
542,40.3033098,-83.03613759999999,107854.0
543,41.4349882,-82.4752757,60653.0
544,39.830506,-82.6483442,71469.0
545,40.0154745,-82.99316069999999,64713.0
546,41.4641521,-81.20781640000001,77391.0
547,39.697399,-83.8897057,67394.0
548,39.2355447,-84.56414699999999,60198.0
549,41.0273131,-83.67739279999999,60944.0
550,40.38717219999999,-80.7657804,47445.0
551,41.981532,-81.2518833,64076.0
552,40.1460895,-82.4752757,66013.0
553,41.4116881,-82.12783999999999,58686.0
554,41.6894388,-83.3789389,49448.0
555,40.9871753,-80.7214417,47170.0
556,40.5518645,-83.12200740000002,50608.0
557,41.080133,-81.9534815,76468.0
558,40.081473,-84.1857115,62451.0
559,39.7620028,-84.3542049,54537.0
560,39.9478393,-81.9534815,51844.0
561,41.1887572,-81.2518833,56679.0
562,40.7566723,-82.5185837,51783.0
563,39.3584253,-82.99316069999999,55717.0
564,38.861065,-82.99316069999999,45571.0
565,40.8684676,-81.2518833,55499.0
566,41.0918991,-81.5596427,57364.0
567,41.3064984,-80.7214417,47087.0
568,40.3978972,-81.42789839999999,53616.0
569,39.4241422,-84.1857115,90837.0
570,40.7588598,-81.9534815,57458.0
571,41.34784579999999,-83.67739279999999,63791.0
572,35.5593784,-98.04651849999999,73635.0
573,35.254964,-97.35165579999999,64290.0
574,34.6612778,-98.3964938,51300.0
575,35.8362494,-96.3226072,54969.0
576,35.7111198,-95.3102505,42450.0
577,35.6038323,-97.35165579999999,56235.0
578,36.1449988,-97.0068393,41272.0
579,35.275439,-97.0068393,53511.0
580,36.3898068,-95.6457951,66132.0
581,36.1593471,-95.94097099999999,57483.0
582,35.91923970000001,-95.51973939999999,64319.0
583,44.6281686,-123.3873877,70835.0
584,45.2023855,-122.1188945,80294.0
585,43.83251,-121.2616541,71643.0
586,43.1260694,-123.2492364,48585.0
587,42.334535,-122.7646577,56450.0
588,42.3447572,-123.4568737,47573.0
589,42.69527670000001,-121.6142133,56348.0
590,43.9610092,-122.6618227,57325.0
591,44.4099768,-122.53401,61488.0
592,44.8446393,-122.5927411,64306.0
593,45.5145659,-122.5863211,72900.0
594,44.9266528,-123.4919256,72914.0
595,45.7750424,-118.7606453,60425.0
596,45.5469616,-123.1386021,85734.0
597,45.1771983,-123.2395303,72904.0
598,39.8522417,-77.2864879,67715.0
599,40.4450813,-80.0087746,64871.0
600,40.8790518,-79.4703885,57636.0
601,40.6367812,-80.365865,60672.0
602,40.3451566,-75.9927652,67708.0
603,40.4531318,-78.3842227,51004.0
604,40.4107964,-75.2479061,93767.0
605,40.9115243,-79.8296743,72262.0
606,40.4894231,-78.74762079999999,49076.0
607,40.901975,-75.667356,61111.0
608,40.8765649,-77.8367282,60706.0
609,40.0010204,-75.8069082,102016.0
610,40.9519685,-78.5660852,45643.0
611,41.0274439,-76.3637285,54570.0
612,41.6661391,-80.2767327,49428.0
613,40.1299841,-77.2405153,75391.0
614,40.2734277,-76.7336521,60733.0
615,39.907793,-75.3878525,77339.0
616,42.0521954,-80.1875065,51818.0
617,39.9272324,-79.6502105,48509.0
618,39.8923855,-77.6536125,62484.0
619,40.6850762,-79.1096901,51914.0
620,41.4421199,-75.5742467,53826.0
621,40.0466571,-76.17837390000001,67376.0
622,40.957855,-80.365865,50547.0
623,40.3666686,-76.5025742,61204.0
624,40.6519679,-75.5742467,65667.0
625,41.1404353,-75.9927652,53972.0
626,41.2720004,-77.10249019999999,53881.0
627,41.2619821,-80.1875065,54543.0
628,41.0458376,-75.2479061,62413.0
629,40.2290075,-75.3878525,92302.0
630,40.7749283,-75.294569,74328.0
631,40.86743389999999,-76.6874701,47349.0
632,40.0152766,-75.1311874,47474.0
633,40.6873058,-76.17837390000001,56295.0
634,40.008411,-79.0780831,48895.0
635,40.1367719,-80.1875065,65431.0
636,40.2353963,-79.4703885,59073.0
637,39.9512496,-76.7336521,69172.0
638,41.6579147,-71.7147951,74474.0
639,41.5016969,-71.2399037,81652.0
640,41.8881582,-71.4774291,62994.0
641,41.45681130000001,-71.6673352,90003.0
642,33.6005783,-81.6035062,55634.0
643,34.5528328,-82.6483442,54322.0
644,32.2860396,-80.7214417,74127.0
645,33.1260618,-80.0087746,69398.0
646,32.7956561,-79.7848422,71531.0
647,34.3649897,-80.0087746,44606.0
648,33.1680383,-80.54384499999999,68200.0
649,33.9828684,-79.6502105,50082.0
650,34.9297484,-82.34518899999999,64412.0
651,34.1672949,-82.12783999999999,42148.0
652,33.9196567,-78.9288242,53694.0
653,34.3671762,-80.5882803,55198.0
654,34.7253411,-80.6770787,63924.0
655,34.5203466,-82.12783999999999,47218.0
656,33.9309651,-81.2518833,61631.0
657,34.74924500000001,-82.99316069999999,48204.0
658,33.5635155,-81.0754657,37701.0
659,34.9046217,-82.6483442,52190.0
660,34.0412165,-80.9428911,52293.0
661,34.860551,-81.9534815,55339.0
662,33.9123048,-80.4103957,51025.0
663,34.9871367,-81.2518833,66949.0
664,43.6631787,-96.83509989999999,61968.0
665,43.8901111,-102.2547919,58085.0
666,36.0809574,-84.2278796,49044.0
667,35.6710541,-83.8473015,59276.0
668,35.1937778,-84.8567932,52468.0
669,36.1342563,-86.8220341,63938.0
670,36.1347943,-82.82097399999999,44722.0
671,35.1618966,-85.14793639999999,57502.0
672,35.9874629,-83.9419784,60283.0
673,35.6479574,-88.86469799999999,49820.0
674,35.6195242,-87.14228949999999,66781.0
675,36.4960406,-87.460397,56948.0
676,36.134602,-85.47880649999999,49282.0
677,36.5250666,-86.86218269999999,66939.0
678,35.7724263,-86.3376761,69397.0
679,35.8271682,-83.5070203,57741.0
680,35.1268552,-89.9253233,52614.0
681,36.4933147,-82.34518899999999,51860.0
682,36.4718084,-86.49965460000001,68743.0
683,36.3321016,-82.5185837,51428.0
684,35.9179271,-86.86218269999999,115507.0
685,36.1626241,-86.2970998,80071.0
686,31.2704698,-94.645035,53320.0
687,30.0458708,-97.35165579999999,57938.0
688,31.134411,-97.5247243,54560.0
689,29.4200763,-98.5721016,58964.0
690,33.4473287,-94.479976,51802.0
691,29.2131857,-95.4777811,84904.0
692,30.6504141,-96.3226072,55121.0
693,26.1284971,-97.5247243,41123.0
694,33.1795213,-96.49297969999999,96134.0
695,29.8105572,-98.2212979,89315.0
696,31.4774358,-97.87216,53504.0
697,32.8024682,-96.83509989999999,61796.0
698,33.1418611,-97.179026,90523.0
699,31.8246483,-102.5298028,67205.0
700,32.2619765,-96.83509989999999,78797.0
701,31.8039824,-106.2051484,48903.0
702,29.5692614,-95.81428849999999,101293.0
703,29.37634989999999,-94.8520636,74977.0
704,33.7062406,-96.663812,57476.0
705,32.4892547,-94.8520636,53793.0
706,29.6477307,-97.87216,79768.0
707,29.7751825,-95.3102505,61618.0
708,32.5539228,-94.315422,58817.0
709,30.0537607,-98.0028892,72058.0
710,32.1321367,-95.81428849999999,51521.0
711,26.4656319,-98.2212979,41800.0
712,33.1967938,-96.15269850000001,58063.0
713,29.8165398,-94.15137639999999,55797.0
714,32.4133566,-97.35165579999999,66319.0
715,32.5889211,-96.3089299,75775.0
716,30.1633593,-94.81059549999999,50049.0
717,33.6753624,-101.7979613,55003.0
718,31.5182285,-97.179026,50845.0
719,31.8781368,-101.9804613,82558.0
720,30.3213482,-95.4777811,88695.0
721,31.6353071,-94.645035,47572.0
722,27.7693351,-97.4814163,56789.0
723,30.1484033,-93.86553029999999,69052.0
724,32.7415519,-97.87216,83262.0
725,35.404373,-101.9804613,37297.0
726,34.9020377,-101.7979613,70651.0
727,32.8721646,-96.365157,103378.0
728,27.9999695,-97.5247243,57899.0
729,32.3352505,-95.3102505,59584.0
730,32.7732044,-97.35165579999999,70139.0
731,32.2455088,-99.8124935,55351.0
732,31.3839017,-100.439656,55988.0
733,30.2097015,-97.69822719999999,80726.0
734,28.7712909,-97.0068393,57358.0
735,30.6815394,-95.6457951,47170.0
736,27.8174487,-99.0128926,56084.0
737,33.9309651,-98.7481167,51749.0
738,30.7591685,-97.69822719999999,92179.0
739,33.2895861,-97.69822719999999,71421.0
740,41.7560026,-111.7614661,62507.0
741,40.9628845,-112.0953297,87427.0
742,40.644188,-111.9522491,80119.0
743,40.507092,-113.0011989,80973.0
744,40.0966287,-111.5706786,79545.0
745,37.3224877,-113.4776098,63595.0
746,41.2602635,-111.9522491,72206.0
747,44.3959289,-72.9962431,76806.0
748,38.0567092,-78.6114999,86399.0
749,38.8816208,-77.09098089999999,119755.0
750,38.2004562,-79.24511489999999,62668.0
751,37.2538794,-79.4703885,69125.0
752,37.3673217,-77.6077865,81297.0
753,38.9085472,-77.2405153,128374.0
754,38.7208787,-77.79097759999999,104809.0
755,39.2096441,-78.2601024,86229.0
756,37.7772071,-77.5160788,89812.0
757,37.5059332,-77.3324425,68024.0
758,37.3002132,-76.8028933,91674.0
759,39.076767,-77.6536125,151800.0
760,37.2070304,-80.4103957,60045.0
761,38.7838939,-77.6077865,106861.0
762,37.2467123,-80.1205256,71715.0
763,38.5825919,-78.8835548,69423.0
764,38.204165,-77.6077865,91073.0
765,38.4334566,-77.4242972,110446.0
766,37.2103925,-76.3868797,91241.0
767,38.8048355,-77.0469214,103284.0
768,36.7682088,-76.2874927,77847.0
769,37.0298687,-76.34522179999999,56930.0
770,37.4137536,-79.14224639999999,54850.0
771,37.0870821,-76.4730122,53029.0
772,36.8507689,-76.28587259999999,53093.0
773,36.8354258,-76.2982742,51195.0
774,37.5407246,-77.4360481,51285.0
775,37.2709704,-79.9414266,45838.0
776,36.7282054,-76.5835621,80481.0
777,36.8529263,-75.97798499999999,79054.0
778,46.3166362,-119.5021582,72084.0
779,47.9445331,-120.6749068,59161.0
780,48.0405122,-124.016766,57126.0
781,45.7466471,-122.5194378,80555.0
782,46.1746472,-122.7746902,55497.0
783,46.49373629999999,-118.8672379,61951.0
784,47.1981147,-119.3732456,56997.0
785,46.9953526,-123.7012468,61026.0
786,48.19765,-122.579457,72066.0
787,47.5480339,-121.9836029,102594.0
788,47.6476607,-122.6412583,79624.0
789,46.6195461,-122.4554639,58911.0
790,47.4251146,-123.1951376,63983.0
791,47.0675877,-122.1295269,79243.0
792,48.4241961,-121.7114362,67175.0
793,48.0329979,-121.8339472,89260.0
794,47.65869300000001,-117.4225481,59974.0
795,46.8645747,-122.7695986,78512.0
796,48.8787167,-121.9718658,69372.0
797,46.543606,-120.7558291,56233.0
798,39.4885604,-78.0651931,62370.0
799,38.43919270000001,-82.25832969999999,40788.0
800,39.33481260000001,-80.365865,54314.0
801,38.2556905,-81.42789839999999,47759.0
802,39.6695849,-79.96403389999999,55940.0
803,37.7381597,-81.2518833,46540.0
804,39.2154345,-81.47183869999999,47944.0
805,44.45616740000001,-87.9334803,64458.0
806,43.0186073,-89.5497632,77504.0
807,43.3994215,-88.7108964,61300.0
808,44.7683909,-91.28910359999999,65662.0
809,43.7008379,-88.24611829999999,65329.0
810,43.089927,-88.7108964,71708.0
811,42.5663156,-87.658113,65997.0
812,43.8617023,-91.13530200000001,58921.0
813,44.1438879,-87.460397,60785.0
814,44.850452,-89.8505012,65851.0
815,43.03879490000001,-87.9065334,53418.0
816,44.4636545,-88.4016041,66234.0
817,43.3819496,-87.6186379,88154.0
818,44.4735957,-89.4742177,56358.0
819,42.76108199999999,-87.6186379,60779.0
820,42.6251506,-89.0179332,61243.0
821,45.0497844,-92.3875695,85594.0
822,43.6895227,-87.6186379,60706.0
823,42.6202834,-88.55653099999999,63549.0
824,43.3932586,-88.24611829999999,80513.0
825,43.0072599,-88.32393090000001,90548.0
826,44.0126679,-88.7108964,58347.0
827,44.4747774,-90.0746767,56278.0
828,41.4269559,-104.8454619,70567.0
829,42.8313837,-106.912251,65034.0
830,18.444247,-66.6464068,18977.0
831,18.3691963,-66.1659674,27386.0
832,18.2387995,-66.035249,24507.0
833,18.3736316,-65.9630925,27658.0
834,18.3615548,-66.11106819999999,37499.0
835,18.2013452,-67.1451549,14525.0
836,18.0110768,-66.6140616,15130.0
837,18.4655394,-66.1057355,23005.0
838,18.3882823,-66.2482237,28440.0
839,18.3882823,-66.2482237,23368.0
840,18.3563169,-66.0033838,32244.0
841,37.09024,-95.712891,65712.0
